<?xml version="1.0" encoding="UTF-8"?>
<!DOCTYPE mapper PUBLIC "-//mybatis.org//DTD Mapper 3.0//EN"
  "http://mybatis.org/dtd/mybatis-3-mapper.dtd">
<mapper namespace="com.db.sys.dao.SysLogDao">

    <insert id="insertObject">
       insert into sys_logs
       (username,operation,method,params,time,ip,createdTime)
       values
       (#{username},#{operation},#{method},#{params},#{time},#{ip},#{createdTime})
    </insert>

    <!-- 基于日志记录id执行删除操作
    delete,insert,update元素默认返回值为int -->
    <delete id="deleteObjects">
         delete from sys_logs
         where id in <!-- (1,2,3,4,5) -->
         <foreach collection="ids"
                  open="("
                  close=")"
                  separator=","
                  item="id">
              #{id}    
         </foreach>
    </delete>

    <!-- 通过sql元素定义sql语句中的共性 -->
    <sql id="queryWhereId">
        <where><!-- mybatis 中的动态sql -->
             <!--if语句中的username来自于dao方法中使用@Param注解定义的参数-->
            <if test="username!=null and username!=''">
                username like concat("%",#{username},"%")
            </if>
        </where>
    </sql>
    <!-- 依据条件查询总记录数 -->
    <select id="getRowCount" resultType="int">
          select count(*)
          from sys_logs
          <include refid="queryWhereId"/>
          <!-- 其中concat函数用于实现字符串连接 -->
    </select>
    <select id="findPageObjects"
            resultType="com.db.sys.entity.SysLog">
          select *
          from sys_logs
          <include refid="queryWhereId"/>
          order by createdTime desc
          limit #{startIndex},#{pageSize}
          <!--limit 子句为分页查询子句 ，第一个参数代码起始位置-->
    </select>
    
</mapper>



