<?xml version="1.0" encoding="UTF-8"?>
<!DOCTYPE mapper PUBLIC "-//mybatis.org//DTD Mapper 3.0//EN"
  "http://mybatis.org/dtd/mybatis-3-mapper.dtd">
<mapper namespace="com.db.sys.dao.SysUserRoleDao">

      <select id="findRoleIdsByUserId"
              resultType="int">
           select role_id
           from sys_user_roles
           where user_id=#{id}
      </select>

      <insert id="insertObjects">
         insert into sys_user_roles
         (user_id,role_id) 
         values
         <foreach collection="roleIds"
                  separator=","
                  item="roleId">
             (#{userId},#{roleId})     
         </foreach>
      </insert>

      <!-- 基于角色id删除中间表数据 -->
      <delete id="deleteObjectsByUserId">
           delete from sys_user_roles
           where user_id=#{userId}
      </delete>
      
      <!-- 基于角色id删除中间表数据 -->
      <delete id="deleteObjectsByRoleId">
           delete from sys_user_roles
           where role_id=#{roleId}
      </delete>
    
   
</mapper>



