<?xml version="1.0" encoding="UTF-8"?>
<!DOCTYPE mapper PUBLIC "-//mybatis.org//DTD Mapper 3.0//EN"
  "http://mybatis.org/dtd/mybatis-3-mapper.dtd">
<mapper namespace="com.jt.sys.dao.SysLogDao">
    <insert id="insertObject">
       insert into sys_logs
       (username,operation,method,params,time,ip,createdTime)
       values
       (#{username},#{operation},#{method},#{params},#{time},#{ip},#{createdTime})
    </insert>
    <!-- 基于id执行删除操作 -->
    <delete id="deleteObjects">
        delete from sys_logs
        where id in <!-- (1,2,3,4,5) -->
        <foreach collection="ids"
                 open="("
                 close=")"
                 separator=","
                 item="item">
              #{item}   
        </foreach>
    </delete>
    
    <!-- mybatis中通过sql标签定义SQL共性 -->
    <sql id="queryWhereId">
        <where>
          <if test="username!=null and username!=''">
          username like concat('%',#{username},'%')
          </if>
        </where>
    </sql>
    <!-- 分页查询当前页记录 -->
    <select id="findPageObjects"
            resultType="com.jt.sys.entity.SysLog">
            select * 
            from sys_logs
            <include refid="queryWhereId"/>
            order by createdTime desc
            limit #{startIndex},#{pageSize}
    </select>
    <!-- 按条件统计总记录数 -->
    <select id="getRowCount"
            resultType="int">
            select count(*)
            from sys_logs
            <include refid="queryWhereId"/>
    </select>
</mapper>



