<?xml version="1.0" encoding="UTF-8"?>
<!DOCTYPE mapper PUBLIC "-//mybatis.org//DTD Mapper 3.0//EN"
  "http://mybatis.org/dtd/mybatis-3-mapper.dtd">
<mapper namespace="com.jt.sys.dao.SysMenuDao">

   <!-- 基于菜单id查询权限标识 -->
   <select id="findPermissions"
           resultType="string">
       select permission <!-- sys:user:update -->
       from sys_menus
       where id in 
       <foreach collection="menuIds"
                open="("
                close=")"
                separator=","
                item="item">
            #{item}
       </foreach>
   </select>
   <!-- 更新菜单表中数据 -->
   <update id="updateObject"
             parameterType="com.jt.sys.entity.SysMenu">
         update sys_menus
         set
           name=#{name},
           type=#{type},
           sort=#{sort},
           url=#{url},
           parentId=#{parentId},
           permission=#{permission},
           modifiedUser=#{modifiedUser},
           modifiedTime=now()
        where id=#{id}
    </update>

    <!-- 用于向表中写入数据 -->
    <insert id="insertObject"
            parameterType="com.jt.sys.entity.SysMenu">
      insert into sys_menus
      (name,url,type,sort,note,parentId,permission,
       createdTime,modifiedTime,createdUser,modifiedUser)
      values
      (#{name},#{url},#{type},#{sort},#{note},#{parentId},#{permission},
       now(),now(),#{createdUser},#{modifiedUser}) 
    </insert>

    <!-- 查询菜单节点信息(最后要将此数据信息呈现在zTree对象上) -->
    <select id="findZtreeMenuNodes"
             resultType="com.jt.common.vo.Node">
        select id,name,parentId
        from sys_menus
    </select>

    <!-- 基于菜单id统计子菜单的个数 -->
    <select id="getChildCount"
            resultType="int">
           select count(*)
           from sys_menus
           where parentId=#{id}        
    </select>
    
    <!-- 基于菜单id执行删除操作 -->
    <delete id="deleteObject">
          delete from sys_menus
          where id=#{id}
    </delete>

    <!-- 定义查询所有菜单的元素 -->
    <select id="findObjects" resultType="map">
            
         <!-- 方案1
          select c.*,p.name parentName
          from sys_menus c left join sys_menus p
          on  c.parentId=p.id 
         -->
         
         select c.*,(select name
              from sys_menus p
              where c.parentId=p.id) parentName
         from sys_menus c 
               
    </select>
    
    
    
</mapper>



