<?xml version="1.0" encoding="UTF-8"?>
<!DOCTYPE mapper PUBLIC "-//mybatis.org//DTD Mapper 3.0//EN"
  "http://mybatis.org/dtd/mybatis-3-mapper.dtd">
<mapper namespace="com.jt.sys.dao.SysUserRoleDao">
  
   <!-- 基于用户id获取角色id -->
   <select id="findRoleIdsByUserId"
           resultType="int">
        select role_id
        from sys_user_roles
        where user_id=#{userId}
   </select>
 
 
    <!-- 保存用户和角色的关系 -->
    <insert id="insertObjects">
       insert into sys_user_roles
       (user_id,role_id)
       values  <!-- (1,2),(1,3),(1,4) -->
       <foreach collection="roleIds"
                separator=","
                item="roleId">
          (#{userId},#{roleId})
       </foreach>
    </insert>
 
    <!-- 基于用户id删除角色和用户的关系数据 -->
    <delete id="deleteObjectsByUserId">
       delete from sys_user_roles
       where user_id=#{userId}
    </delete>
    <!-- 基于角色id删除角色和用户的关系数据 -->
    <delete id="deleteObjectsByRoleId">
       delete from sys_user_roles
       where role_id=#{roleId}
    </delete>
    <!-- 思考：如何将以上两个元素合并为一个元素 -->
        
    <!-- 扩展：说明使用$表达式时，表达式中的值
                  尽量不要是用户输入 的值-->
    <delete id="deleteObjectsById">
        delete from sys_user_roles
        where ${columnName}=#{columnValue}
    </delete>
    
</mapper>



