<?xml version="1.0" encoding="UTF-8"?>
<beans 
    default-lazy-init="true"
    xmlns="http://www.springframework.org/schema/beans" 
    xmlns:p="http://www.springframework.org/schema/p"
    xmlns:xsi="http://www.w3.org/2001/XMLSchema-instance" 
    xmlns:context="http://www.springframework.org/schema/context"
    xmlns:tx="http://www.springframework.org/schema/tx"
    xmlns:aop="http://www.springframework.org/schema/aop" 
    xmlns:mvc="http://www.springframework.org/schema/mvc"
    xmlns:util="http://www.springframework.org/schema/util"
    xmlns:jpa="http://www.springframework.org/schema/data/jpa"
    xsi:schemaLocation="  
       http://www.springframework.org/schema/beans   
       http://www.springframework.org/schema/beans/spring-beans-4.3.xsd  
       http://www.springframework.org/schema/mvc   
       http://www.springframework.org/schema/mvc/spring-mvc-4.3.xsd   
       http://www.springframework.org/schema/tx   
       http://www.springframework.org/schema/tx/spring-tx-4.3.xsd   
       http://www.springframework.org/schema/aop 
       http://www.springframework.org/schema/aop/spring-aop-4.3.xsd
       http://www.springframework.org/schema/util 
       http://www.springframework.org/schema/util/spring-util-4.3.xsd
       http://www.springframework.org/schema/data/jpa 
       http://www.springframework.org/schema/data/jpa/spring-jpa-1.3.xsd
       http://www.springframework.org/schema/context
       http://www.springframework.org/schema/context/spring-context-4.3.xsd">
       
       <!-- 整合druid数据源对象 (本质上是一个连接池)-->
       <bean id="druidDataSource" 
             class="com.alibaba.druid.pool.DruidDataSource"
             init-method="init"
             destroy-method="close">
             <!-- 基于set方法为属性赋值 -->
             <property name="DriverClassName" 
                       value="#{cfg.jdbcDriver}"/>
             <property name="Url" value="#{cfg.jdbcUrl}"/>
             <property name="Username" value="#{cfg.jdbcUser}"/>
             <property name="Password" value="#{cfg.jdbcPassword}"/>
       </bean>
       <!-- 整合c3p0 -->
       <bean id="dataSource" 
             class="com.mchange.v2.c3p0.ComboPooledDataSource"
             destroy-method="close">
             <!-- 基于set方法为属性赋值 -->
             <property name="DriverClass" 
                       value="#{cfg.jdbcDriver}"/>
             <property name="JdbcUrl" value="#{cfg.jdbcUrl}"/>
             <property name="User" value="#{cfg.jdbcUser}"/>
             <property name="Password" value="#{cfg.jdbcPassword}"/>
       </bean>
       
</beans>





