<?xml version="1.0" encoding="UTF-8"?>
<!DOCTYPE mapper PUBLIC "-//mybatis.org//DTD Mapper 3.0//EN"
  "http://mybatis.org/dtd/mybatis-3-mapper.dtd">
<mapper namespace="com.db.sys.dao.SysLogDao">
   <sql id="queryWhereId">
      <where>
        <if test="username!=null and username!=''">
        username like concat("%",#{username},"%")
        </if>
      </where>
   </sql>
  
   <select id="getRowCount"
           resultType="int">
        select count(*)
        from sys_logs
        <include refid="queryWhereId"/>
   </select>
   
   <select id="findPageObjects"
           resultType="com.db.sys.entity.SysLog">
         select *
         from sys_logs
         <include refid="queryWhereId"/>
         order by createdTime desc
         limit #{startIndex},#{pageSize}
   </select>
   
   
   
   
   
   
   
   
   
   <select id="findObjects"
           resultType="com.db.sys.entity.SysLog">
           select *
           from sys_logs
   </select>
</mapper>
